出題文,学習者,英語答え,翻訳,ラベル
僕は朝食前に必ず30分ほど散歩することにしている。,I usually taking walk for about 30 min. before breakfast.,I always go for a walk for about half an hour before breakfast.,I always take a 30-minute walk before breakfast.,0
僕は朝食前に必ず30分ほど散歩することにしている。,I make it a rule to take a walk for half an hour before every breakfast.,I always go for a walk for about half an hour before breakfast.,I always take a 30-minute walk before breakfast.,0
まだ決めたわけではありませんが、会社を辞める事を考えています。,"I`m thinking about to gone office, no decision yet.","I have not made up my mind yet, but I’m thinking of leaving the company.","I haven't decided yet, but I am considering leaving the company.",0
まだ決めたわけではありませんが、会社を辞める事を考えています。,I don't decide yet I am thinking of quitting the company. ,"I have not made up my mind yet, but I’m thinking of leaving the company.","I haven't decided yet, but I am considering leaving the company.",0
この地に来たのはある調査をするためで、休日を過ごすためではない。,"No staying holiday, to study coming here.","I’ve come here to make a survey, not to spend my vacation.","I came here to do some research, not to spend a holiday.",1
この地に来たのはある調査をするためで、休日を過ごすためではない。,"I don't spend the holidays, I came here to do some research.","I’ve come here to make a survey, not to spend my vacation.","I came here to do some research, not to spend a holiday.",1
この地に来たのはある調査をするためで、休日を過ごすためではない。,"I came here not to live a holiday, the way to a search.","I’ve come here to make a survey, not to spend my vacation.","I came here to do some research, not to spend a holiday.",1
今朝からずっと待っているのに、彼はまだ現れない。,"I have been waiting for him this morning, He doesn`t come.","I’ve been waiting since this morning, but he still hasn’t come.",I've been waiting for him since this morning and he still hasn't shown up.,1
今朝からずっと待っているのに、彼はまだ現れない。,"I have been waiting since this morning, he has not turned up yet.","I’ve been waiting since this morning, but he still hasn’t come.",I've been waiting for him since this morning and he still hasn't shown up.,1
今朝からずっと待っているのに、彼はまだ現れない。,"Although I waithim morning, he does not appear yet ","I’ve been waiting since this morning, but he still hasn’t come.",I've been waiting for him since this morning and he still hasn't shown up.,1
カナダでの生活は、案外お金がかからなかった。,I didn't spend money that I thought,Living in Canada was not as expensive as I thought it would be.,Life in Canada was not as expensive as one might think.,0
カナダでの生活は、案外お金がかからなかった。,I did not consume the money for Canadian life rather than I predicted before.,Living in Canada was not as expensive as I thought it would be.,Life in Canada was not as expensive as one might think.,1
カナダでの生活は、案外お金がかからなかった。,Living in Canada does not cost more money than I think.,Living in Canada was not as expensive as I thought it would be.,Life in Canada was not as expensive as one might think.,1
私たちが空港に着いたとき、その飛行機はすでに離陸したあとだった。,The plane has gone when we arrived at the airport.,"When we got to the airport, the airplane had already left.","When we arrived at the airport, the plane had already taken off.",1
昨夜、急げば終電に間に合っていただろう。,"If I was hurred up, I made to ride on the last train last night.","If I had hurried last night, I could have caught the last train.","If I had hurried last night, I would have caught the last train.",1
昨夜、急げば終電に間に合っていただろう。,I would be on time last night if I go hurriedly.,"If I had hurried last night, I could have caught the last train.","If I had hurried last night, I would have caught the last train.",1
昨夜、急げば終電に間に合っていただろう。,"Last night, if I harried up, I was able to take the train.","If I had hurried last night, I could have caught the last train.","If I had hurried last night, I would have caught the last train.",1
昨夜、急げば終電に間に合っていただろう。,I have ridden by last train last night.,"If I had hurried last night, I could have caught the last train.","If I had hurried last night, I would have caught the last train.",1
午前9時発の新幹線は静岡に停車するかどうか教えてください。,"Please tell me, Will the fast train arrive at Shizuoka from Tokyo at 9 am?",Could you tell me whether the 9 a.m Shinkansen stopes at Shizuoka?,Please let me know if the 9:00 a.m. Shinkansen will stop at Shizuoka.,1
私たちは当面ホテル住まいをしているが、いずれマンションを見つけるつもりです。, We have been living at the hotel until finding some apart any day.,"We are living in a hotel for the time being, but we are going to find an apartment pretty soon.",We are living in a hotel for the time being but will eventually find an apartment.,1
私たちは当面ホテル住まいをしているが、いずれマンションを見つけるつもりです。,We are living in a hotel for a long time but will find an apartment after a while.,"We are living in a hotel for the time being, but we are going to find an apartment pretty soon.",We are living in a hotel for the time being but will eventually find an apartment.,1
私たちは当面ホテル住まいをしているが、いずれマンションを見つけるつもりです。,"We live in a hotel for a while, we would find an apartment.","We are living in a hotel for the time being, but we are going to find an apartment pretty soon.",We are living in a hotel for the time being but will eventually find an apartment.,1
私たちは当面ホテル住まいをしているが、いずれマンションを見つけるつもりです。,We will find a mansion ,"We are living in a hotel for the time being, but we are going to find an apartment pretty soon.",We are living in a hotel for the time being but will eventually find an apartment.,1
学校を休んで家にいれば、彼は数日中に風邪が治るに違いない。,"I will decide absent from school and stay home, it will be removed from the cold couple of days.","If he stays home from school for a few days, he will get over his cold.","If he stays home from school, he is bound to get over his cold within a few days.",0
学校を休んで家にいれば、彼は数日中に風邪が治るに違いない。,If he will be absent from school to stay home. his cold must be cured.,"If he stays home from school for a few days, he will get over his cold.","If he stays home from school, he is bound to get over his cold within a few days.",1
日本を訪れる外国人観光客は年々増えている。,It is a yearly incline that other country tourists visit Japan.,Every year more and more foreign tourists are visiting Japan.,The number of foreign tourists visiting Japan is increasing every year.,1
この頃、ほとんどの用事は携帯電話で済ませてしまう人が多い。,"These days, many people do most of their business with their cell phones.",Nowadays many people get almost everything done by using their cellphones.,"These days, many people use their cell phones to run most of their errands.",1
この頃、ほとんどの用事は携帯電話で済ませてしまう人が多い。,"These days, a lot of people do everything with cell phones.",Nowadays many people get almost everything done by using their cellphones.,"These days, many people do most of their errands on their cell phones.",1
この頃、ほとんどの用事は携帯電話で済ませてしまう人が多い。,"These days, most things can be done by mobile phones.",Nowadays many people get almost everything done by using their cellphones.,"These days, many people do most of their errands on their cell phones.",1
この頃、ほとんどの用事は携帯電話で済ませてしまう人が多い。,"Recently, many people do most of their work by using their cellphone.",Nowadays many people get almost everything done by using their cellphones.,"These days, many people do most of their errands on their cell phones.",1
この二か月で内閣支持率を急上昇した。,The number of people who agree with the minister increased in these two months.,The approval rating for the Cabinet has been rising sharply for the last two months.,"In the past two months, the Cabinet's approval rating has skyrocketed.",0
この二か月で内閣支持率を急上昇した。,"In the last two months, the rate of support for the government increased rapidly.",The approval rating for the Cabinet has been rising sharply for the last two months.,"In the past two months, the Cabinet's approval rating has skyrocketed.",0
この二か月で内閣支持率を急上昇した。,The supportive rate for the government has surged in these two months.,The approval rating for the Cabinet has been rising sharply for the last two months.,"In the past two months, the Cabinet's approval rating has skyrocketed.",0
この二か月で内閣支持率を急上昇した。,The rating of is increased rapidly in these two months.,The approval rating for the Cabinet has been rising sharply for the last two months.,"In the past two months, the Cabinet's approval rating has skyrocketed.",0
朝起きたら最初に何をしますか。,What to do first in the morning.,What is the first thing you do after you get up?,What is the first thing you do when you wake up in the morning?,1
大臣は前言の撤回をせざるをえなかった。,The minister had to withdraw his comment.,The minister had to admit that what he said was wrong.,The minister had to retract his previous statement.,0
大臣は前言の撤回をせざるをえなかった。,The minister was forced to cancel the previous opinion.,The minister had to admit that what he said was wrong.,The minister had to retract his previous statement.,1
彼女を失ってはじめて、お金では買えないものがあることを知った。,I knew there is a thing not to buy money to lose her.,I had thought I could buy anything with money until I lost her.,Only after losing her did I realize that there are some things money can't buy.,1
彼女を失ってはじめて、お金では買えないものがあることを知った。,I noticed that there is something that can not buy for the first time after breaking up with my girlfriend.,I had thought I could buy anything with money until I lost her.,Only after losing her did I realize that there are some things money can't buy.,1
彼女を失ってはじめて、お金では買えないものがあることを知った。,I lost her and this was the first time for me to find out that there was cashless.,I had thought I could buy anything with money until I lost her.,Only after losing her did I realize that there are some things money can't buy.,1
円高のおかげで、最近は海外旅行が安くできるようになった。,"Recently, It is able to take abroad trips cheaply course precision en.","Thanks to the strong yen, we can travel abroad for less money these days.","Thanks to the strong yen, it is now possible to travel abroad at a lower cost these days.",1
円高のおかげで、最近は海外旅行が安くできるようになった。,"Recently, someone can go abroad to expensive yen.","Thanks to the strong yen, we can travel abroad for less money these days.","Thanks to the strong yen, it is now possible to travel abroad at a lower cost these days.",0
この箱を運ぶのにちょっと手を貸していただけませんか。,Please help me to carry this box.,Could you give me a hand with this box?,Could you please lend me a hand to carry this box?,1
この箱を運ぶのにちょっと手を貸していただけませんか。,Could you help me carry this box?,Could you give me a hand with this box?,Could you please lend me a hand to carry this box?,1
この箱を運ぶのにちょっと手を貸していただけませんか。,Could you please help us to bring this box?,Could you give me a hand with this box?,Could you please lend me a hand to carry this box?,1
この箱を運ぶのにちょっと手を貸していただけませんか。,please help me to carry the box.,Could you give me a hand with this box?,Could you please lend me a hand to carry this box?,1
その店で買い物をしていたら、旧友のジムに会いました。,I met Jim who is my old friend when I bought someone in its store.,"I was shopping I ran into Jim, an old friend of mine.","While shopping at that store, I met an old friend, Jim.",1
火災が発生してから30分後に消防隊が到着した。,Firemen came to the place of the burn 30 minutes later.,The fire brigade arrived 30 minutes after the fire broke out.,Firefighters arrived 30 minutes after the fire broke out.,0
火災が発生してから30分後に消防隊が到着した。,The firefighters arrived after the fire got started.,The fire brigade arrived 30 minutes after the fire broke out.,Firefighters arrived 30 minutes after the fire broke out.,1
火災が発生してから30分後に消防隊が到着した。,it has arrived 30 minutes later since causing a fire.,The fire brigade arrived 30 minutes after the fire broke out.,Firefighters arrived 30 minutes after the fire broke out.,0
ホワイト氏は、四人家族を養うために一生懸命働いた。,"Mr, White worked hard to grow a four-person family.",Mr. White worked hard to support a family of four.,Mr. White worked hard to support his family of four.,0
この歌を聞くといつも私たちが過ごしたニューヨークの日々を思い出す。,"When I was listening to the music, I recognized the days in New York.","When I hear this song, I’m always reminded of the days when we lived in New York.",This song always reminds me of our days in New York.,0
自分の故郷に少しも愛情を感じない人はめったにいません。,It is strange that no tendering own home.,Most people love their hometown.,Rarely does one feel the least bit of love for one's hometown.,1
自分の故郷に少しも愛情を感じない人はめったにいません。,Hardly ever don't feel emotions own town.,Most people love their hometown.,Rarely does one feel the least bit of love for one's hometown.,1
君が大学に合格するかどうかは今後1年間の君の勉強量にかかっている。,"If you want to pass the exam of uni, you should be studying hard.",Whether you pass the university entrance exam or not will depend on how much work you do over the coming year.,Your success in college will depend on how much you study over the next year.,0
君が大学に合格するかどうかは今後1年間の君の勉強量にかかっている。,you do the amount of the studying whether to pass university.,Whether you pass the university entrance exam or not will depend on how much work you do over the coming year.,Your success in college will depend on how much you study over the next year.,0
丁寧に手を洗うことが、ばい菌の広がりを食い止める最良の方法である。,It is the best way to wash hands many times in order to avoid spreading the virus. ,The best way to prevent the spread of germs is to wash your hands thoroughly.,Careful hand washing is the best way to stop the spread of germs.,1
安売りがすべての消費者の利益になるとは限らない。,Cheap sales are not in the interest of all consumers.,Not all bargains mean saving for the consumers.,Not all cheap sales are in the best interest of all consumers.,1
安売りがすべての消費者の利益になるとは限らない。,To sell is not necessary benefit of all customers.,Not all bargains mean saving for the consumers.,Not all cheap sales are in the best interest of all consumers.,1
安売りがすべての消費者の利益になるとは限らない。,Not all consumers think that cheap sales will be beneficial.,Not all bargains mean saving for the consumers.,Not all cheap sales are in the best interest of all consumers.,1
安売りがすべての消費者の利益になるとは限らない。,Bargains are not customers.,Not all bargains mean saving for the consumers.,Not all cheap sales are in the best interest of all consumers.,0
母親のわが子に対する愛情ほど美しいものはない。,No beautiful even mothers love children.,Nothing is as beautiful as a mother’s love for her children.,There is nothing more beautiful than a mother's love for her child.,1
母親のわが子に対する愛情ほど美しいものはない。,No other beautiful thing is love mother to son.,Nothing is as beautiful as a mother’s love for her children.,There is nothing more beautiful than a mother's love for her child.,1
沖縄ほど米軍基地が集中している県は日本には他にはない。,There is a USA army in Okinawa even other pri in Japan.,Nowhere in Japan are there as many U.S. military bases as in Okinawa.,No other prefecture in Japan has such a high concentration of U.S. military bases as Okinawa.,0
沖縄ほど米軍基地が集中している県は日本には他にはない。,Okinawa is only the place where so many American military bases are placed in.,Nowhere in Japan are there as many U.S. military bases as in Okinawa.,No other prefecture in Japan has such a high concentration of U.S. military bases as Okinawa.,0
沖縄ほど米軍基地が集中している県は日本には他にはない。,"No other in Japan, Okinawa prefecture",Nowhere in Japan are there as many U.S. military bases as in Okinawa.,No other prefecture in Japan has such a high concentration of U.S. military bases as Okinawa.,1
こんなすさまじい台風は生まれて始めてだ。,I`ve never found heavy taihoon the first time.,This is the worst typhoon I’ve experienced.,I had never seen such a tremendous typhoon in my life.,1
こんなすさまじい台風は生まれて始めてだ。,A typhoon is for the first time in my life. ,This is the worst typhoon I’ve experienced.,I had never seen such a tremendous typhoon in my life.,1
こんなすさまじい台風は生まれて始めてだ。,"For the first time in my life, it is a terrible typhoon.",This is the worst typhoon I’ve experienced.,I had never seen such a tremendous typhoon in my life.,0
一般的に言って、人は年を取るにつれて、ますます寛大になるのです。,"Generally speaking, people become kind as they get older. ","Generally speaking, the older people get, he more broad-minded they become.","Generally speaking, people become increasingly generous as they age.",0
一般的に言って、人は年を取るにつれて、ますます寛大になるのです。,"In general, Manhis age","Generally speaking, the older people get, he more broad-minded they become.","Generally speaking, people become increasingly generous as they get older.",1
一般的に言って、人は年を取るにつれて、ますます寛大になるのです。,"Generally speaking, people get generous as they get older.","Generally speaking, the older people get, he more broad-minded they become.","Generally speaking, people become increasingly generous as they age.",1
先日20年ぶりに帰省した。,I came home 20 years.,I went back to my hometown for the first time in twenty years the other day.,I recently returned home for the first time in 20 years.,1
先日20年ぶりに帰省した。,I have been to home last month since 20 years.,I went back to my hometown for the first time in twenty years the other day.,I recently returned home for the first time in 20 years.,0
こんなにいい天気は久しぶりですと地元の人が言っていた。,Local people said it is rare in this fine weather.,The local people said that it was the most beautiful day for years.,The locals said they haven't had such nice weather in a long time.,1
こんなにいい天気は久しぶりですと地元の人が言っていた。,The person from this region said it is very good weather.,The local people said that it was the most beautiful day for years.,The locals said they haven't had such nice weather in a long time.,1
の地方では、桜の花は3月の終わり頃に咲き、4月上旬に満開となる。,cherry blossom starts blooming in march and becomes full in April in this area.,"In this area, the cherry blossoms come out around the end of March, and they are at their best in early April.","In the regions of the ""Mere Old Man"", cherry blossoms bloom at the end of March and are in full bloom in early April.",1
はひどい雨だから、もうしばらくここにおいでになった方がようでしょう。,you had better be here because of heavy rain outside.,It’s pouring down outside. I think it would be better to stay here a little longer.,"It's raining hard in the morning, so I think you'd better stay here for a while longer.",0
この頃、天候が変わりやすい。,I think the weather is changing recently.,These days the weather is changeable. ,The weather is changeable at this time.,1
梅雨に入ってからこの二週間近くも降ったりやんだりしている。,Rain sometimes in this two weeks ,"Since the rainy season set in, it has been raining off and on for nearly two weeks.",It has been raining on and off for almost two weeks now since the rainy season began.,0
梅雨に入ってからこの二週間近くも降ったりやんだりしている。,It rains and stops from entering the rainy season.,"Since the rainy season set in, it has been raining off and on for nearly two weeks.",It has been raining on and off for almost two weeks now since the rainy season began.,0
梅雨に入ってからこの二週間近くも降ったりやんだりしている。,"After entering the Tsuyu, the rain is started or stopped many times for two weeks.","Since the rainy season set in, it has been raining off and on for nearly two weeks.",It has been raining on and off for almost two weeks now since the rainy season began.,0
今度の日曜日、天候がよければ奥多摩にハイキングに行きませんか。,"When it will be good weather, would you go hiking in Okutama next Sunday?",How would you like to go hiking in Okutama next Sunday if the weather is nice.,"This coming Sunday, if the weather permits, why don't we go hiking in Okutama?",0
今度の日曜日、天候がよければ奥多摩にハイキングに行きませんか。,"When shall we do hiking next summer, it will be sunny.",How would you like to go hiking in Okutama next Sunday if the weather is nice.,"This coming Sunday, if the weather permits, why don't we go hiking in Okutama?",0
天気予報によると、台風は今夜半頃、九州地方に接近するそうです。,"According to the weather forecast, the typhoon will reach the Kyushu region around midnight.",The weather repot says that the typhoon is going to hit the Kyusyu area around midnight.,"According to the weather forecast, the typhoon will approach the Kyushu area around midnight this evening.",1
東京の気候は私の故郷よりもはるかに穏やかだ。,Tokyo is a better climate than my home country.,The climate in Tokyo is much milder than that in my hometown.,The climate in Tokyo is much milder than in my hometown.,0
東京の気候は私の故郷よりもはるかに穏やかだ。,The weather in Tokyo is more liveable than in my local region.,The climate in Tokyo is much milder than that in my hometown.,The climate in Tokyo is much milder than in my hometown.,1
今年の冬は例年になく雪が多い。,This winter has a lot of snow.,We’ve had more snow than usual this winter.,This winter has been unusually snowy.,0
こんなに大雪になったのは20年ぶりだ。,It is heavy snow to become 20 years before.,This is the heaviest snowfall we’ve had for the past twenty years.,It has been 20 years since we have had such a heavy snowfall.,0
こんなに大雪になったのは20年ぶりだ。,Such large snow is the first time after the large snow twenty years ago.,This is the heaviest snowfall we’ve had for the past twenty years.,It has been 20 years since we have had such a heavy snowfall.,0
道が混んでいてバスが予定より20分も遅れたものですから。,"Because of the heavy traffic, the bus was late 20 minutes as it scheduled.","The traffic was heavy, so my bus came twenty minutes late.",The bus was 20 minutes behind schedule due to congestion on the roads.,0
道が混んでいてバスが予定より20分も遅れたものですから。,Because the bus was delayed for 20 minutes by the road traffic.,"The traffic was heavy, so my bus came twenty minutes late.",The bus was 20 minutes behind schedule due to congestion on the roads.,0
道が混んでいてバスが予定より20分も遅れたものですから。,Because of crowding away ,"The traffic was heavy, so my bus came twenty minutes late.",The bus was 20 minutes behind schedule due to congestion on the roads.,0
私は自動車を運転してほとんど30年になるが、幸いこれまで事故にあったことがない。,"I have never ever had an accident, even though I have taken car 30 yards.","I have been driving for almost thirty years, but fortunately I have never had an accident.",I have been driving a car for almost 30 years and fortunately have never had an accident.,1
幼稚園児がこの通りの交差点でトラックにはねられているのを見て、ショックを受けた。,I had shocked to see the nursery kid had a bump of truck this traffic jam this street.,I was shocked at how a small child was run over by a truck at this corner.,I was shocked to see a kindergartner hit by a truck at the intersection of these streets.,1
幼稚園児がこの通りの交差点でトラックにはねられているのを見て、ショックを受けた。,I was shocked that I bumped into the accident in which a truck drove away a kindergarten student on the crossroad in this street.,I was shocked at how a small child was run over by a truck at this corner.,I was shocked to see a kindergartner hit by a truck at the intersection of these streets.,1
幼稚園児がこの通りの交差点でトラックにはねられているのを見て、ショックを受けた。,I was shocked that a younger child was attacked by a track crossroad of the way.,I was shocked at how a small child was run over by a truck at this corner.,I was shocked to see a kindergartner hit by a truck at the intersection of these streets.,0
もし彼がその電車に乗っていたら、事故に巻き込まれたでしょう。,It should make an accident if he were to ride on that train.,"If he had been on the train, he would have been in the accident.","If he had been on that train, he would have been involved in an accident.",1
東京から大阪までは車で行くと、一日がかりですが、飛行機で行くと、一時間です。,"It takes a day to go to Tokyo from Osaka by car, but it takes an hour by airplane.","It would take a whole day to get to Osaka from Tokyo by car, but only an hour by plane.","It takes a full day to get from Tokyo to Osaka by car, but only an hour by plane.",1
東京から大阪までは車で行くと、一日がかりですが、飛行機で行くと、一時間です。,it cozies a day Tokyo to Osaka by car but minutes by train.,"It would take a whole day to get to Osaka from Tokyo by car, but only an hour by plane.","It takes a full day to get from Tokyo to Osaka by car, but only an hour by plane.",1
電車もバスもすし詰めで、ずっと立ちっぱなしだった。,I stood all the time because the bus and train were very crowded.,"Both the train and the bus were jam-packed, so I had to stand all the way.","The trains and buses were packed, and I was on my feet the whole time.",1
電車もバスもすし詰めで、ずっと立ちっぱなしだった。,The trains and buses were so crowded that I have to stand the whole time.,"Both the train and the bus were jam-packed, so I had to stand all the way.","The trains and buses were packed, and I was on my feet the whole time.",1
人によって考え方はまちまち。誰がどんな趣味を持っているのかはわからぬものだ。,I have to know idea people`s thinking are various that hobby as well.,Different people like different things. You can't tell what someone is interested in.,Different people have different ideas. You never know who has what kind of hobbies.,1
人によって考え方はまちまち。誰がどんな趣味を持っているのかはわからぬものだ。,People have a different thoughts. It is not predictable that individuals have what kind of hobby.,Different people like different things. You can't tell what someone is interested in.,Different people have different ideas. You never know who has what kind of hobbies.,1
人によって考え方はまちまち。誰がどんな趣味を持っているのかはわからぬものだ。,A person is different from thinking. I do not know who has a hobby.,Different people like different things. You can't tell what someone is interested in.,Different people have different ideas. You never know who has what kind of hobbies.,1
昨夜はあの探偵小説について夢中になって、午前2時まで夜ふかししてしまったよ。,"I have had over 2 o`clock, to make me fever reading scorer novel last night.",That detective story was so good I couldn't put it down until two this morning.,I was so engrossed last night about that detective novel that I stayed up until 2 am!,1
昨夜はあの探偵小説について夢中になって、午前2時まで夜ふかししてしまったよ。,I stayed away from by 2 am because I was into the mystery novel last night.,That detective story was so good I couldn't put it down until two this morning.,I was so engrossed last night about that detective novel that I stayed up until 2 am!,1
今までに私が読んだ多くの本の中で、今ちょうど読み終わった小説ほど感銘を受けた本はない。,no ambitious this Nobel just made to read even I have ever read books.,The novel I've just finished is the best one I've ever read.,"Of the many books I have read, none have impressed me as much as the novel I just finished reading.",1
今までに私が読んだ多くの本の中で、今ちょうど読み終わった小説ほど感銘を受けた本はない。,This novel that I have just finished reading is the most impressive one among the others that I read so far,The novel I've just finished is the best one I've ever read.,"Of the many books I have read, none have impressed me as much as the novel I just finished reading.",1
本を読むには、積極的に想像力を働かさなければならないからです。,Because you need to use your imagination when you read books.,"If you want to get the most out of book, you have to make a conscious effor to stretch your imagination.","This is because to read a book, you must actively use your imagination.",1
本を読むには、積極的に想像力を働かさなければならないからです。,"To read a book, you need to use your imagination actively.","If you want to get the most out of book, you have to make a conscious effor to stretch your imagination.","This is because to read a book, you must actively use your imagination.",1
本を読むには、積極的に想像力を働かさなければならないからです。,To read a book must be imagined.,"If you want to get the most out of book, you have to make a conscious effor to stretch your imagination.","This is because to read a book, you must actively use your imagination.",1
読書は我々が子供に伝えなければならない文化遺産の一部だということを忘れてはならない。,Reading a book ,We should bear in mind that reading is a part of our cultural heritage that we must hand down to our children.,We must remember that reading is part of our cultural heritage that we must pass on to our children.,0
ウィスキーのボトルを2本も空けて車を運転するのは危険だ。,It is a very dangerous driving car after drinking 2 bottles of whisky.,It would be dangerous to drink two bottles of whiskey and drive a car.,Driving a car with two open bottles of whiskey is dangerous.,1
日本の高校生の大半が、大学入試に備えるために塾に行く。,Most high school students in Japan go to Juku to prepare for the entrance exam.,Most Japanese high school students go to a cram school to prepare for college entrance exams.,The majority of Japanese high school students go to cram schools to prepare for college entrance exams.,0
列車で隣に座ったおばあさんに、どこまで行くのと尋ねられた。,I was asked by an elderly woman sitting next seat on the train where I was going.,An elderly woman sitting next to me on the train asked me where I was going.,An old lady sitting next to me on the train asked me how far I was going.,0
列車で隣に座ったおばあさんに、どこまで行くのと尋ねられた。,"I was asked an old mother who I was sitting side by side a train, she said where do you going?",An elderly woman sitting next to me on the train asked me where I was going.,An old lady sitting next to me on the train asked me how far I was going.,1
大地震がいつどこで起こるのかは予測不可能だ。,It is noimpposibe to make a big earthquake.,It is impossible to predict where and when there will be a major earthquake.,It is impossible to predict when and where a major earthquake will strike.,1
大地震がいつどこで起こるのかは予測不可能だ。,It is unexpected that where big earthquakes occur,It is impossible to predict where and when there will be a major earthquake.,It is impossible to predict when and where a major earthquake will strike.,0
大地震がいつどこで起こるのかは予測不可能だ。,We don't know when and where the big earthquake will occur. ,It is impossible to predict where and when there will be a major earthquake.,It is impossible to predict when and where a major earthquake will strike.,0
大地震がいつどこで起こるのかは予測不可能だ。,It is not expected to cause a huge earthquake.,It is impossible to predict where and when there will be a major earthquake.,It is impossible to predict when and where a major earthquake will strike.,0
トムは万事うまくいくと言い張ったが、私は心配で仕方なかった。,I was worried that even Tom has made a job.,"Tom insisted that everythig would be all right, but I couldn't help feeling worried.","Tom insisted that all would be well, but I was worried.",1
トムは万事うまくいくと言い張ったが、私は心配で仕方なかった。,"Even though Tom said there was no problem, I was very concerned.","Tom insisted that everythig would be all right, but I couldn't help feeling worried.","Tom insisted that all would be well, but I was worried.",0
僕の発言が彼女を傷つけるなんで思いもしなかった。,"I had no idea, what I said hurt her.",It never occurred to me that my remark might hurt her feelings.,It never occurred to me that what I said would hurt her.,1
大学を卒業したら海外で仕事を探すことに決めている。,I decided to find a job when I will graduate college.,I've decided to look for a job abroad when I graduate from college.,He has decided to look for a job abroad after he graduates from college.,0
10代の頃、父の仕事の関係でカナダに3年間住んだことがある。,I have lived in Canada as a teenager because of my father's work.,I lived in Canada for three years when I was in my teens because my father was transferred there.,"When I was a teenager, I lived in Canada for three years because of my father's work.",1
インターネットの普及とともに、ここ数年、パソコンの売り上げが急速に伸びている。,"Because of the internet, sales of a personal computer been increasing in this several years.","The Internet is widely used, so sales of personal computers have been rapidly increasing over the last few years. ","Along with the spread of the Internet, sales of personal computers have been growing rapidly over the past few years.",0
インターネットの普及とともに、ここ数年、パソコンの売り上げが急速に伸びている。,"In the latest years, sales of a computer suddenly incline by the spending of internet.","The Internet is widely used, so sales of personal computers have been rapidly increasing over the last few years. ","Along with the spread of the Internet, sales of personal computers have been growing rapidly over the past few years.",0
今はめがねをかけていないので、あの標示に何と書いてあるのかわかりません。,"I don't wear glasses now, so I don't understand what that sign says.","I'm not wearing glasses now, so I can't make out what the sign says.","I don't wear glasses now, so I don't know what that marker says.",1
今はめがねをかけていないので、あの標示に何と書いてあるのかわかりません。,I can't understand the sign because I don't wear eyeglasses.,"I'm not wearing glasses now, so I can't make out what the sign says.","I don't wear glasses now, so I don't know what that marker says.",0
今はめがねをかけていないので、あの標示に何と書いてあるのかわかりません。,"Because I don't have my glasses now, I don't know what the poster says.","I'm not wearing glasses now, so I can't make out what the sign says.","I don't wear glasses now, so I don't know what that marker says.",1
今はめがねをかけていないので、あの標示に何と書いてあるのかわかりません。,"As I don't wear glasses now, I can't read what's on the sign.","I'm not wearing glasses now, so I can't make out what the sign says.","I don't wear glasses now, so I don't know what that marker says.",0
人間は5~6歳になる頃には、思ったことを表現できる能力を持つようになる。,They have the ability to express what they think at the age of 5 or 6.,Humans learn to express what they think by the age of five or six.,"By the age of 5~6, humans have the ability to express what they think.",1
先日描いてもらった地図のおかげで、迷わずにここまで来ることができました。,I made it for your drawing map. ,"Thanks to the map you drew me the other day, I managed to get here without getting lost.","Thanks to the map I had drawn the other day, I was able to get here without getting lost.",1
先日描いてもらった地図のおかげで、迷わずにここまで来ることができました。,"Thanks to the map written the other day, I was able to come here.","Thanks to the map you drew me the other day, I managed to get here without getting lost.","Thanks to the map I had drawn the other day, I was able to get here without getting lost.",1
先日描いてもらった地図のおかげで、迷わずにここまで来ることができました。,"I thanks to draw a map, I could come here soon.","Thanks to the map you drew me the other day, I managed to get here without getting lost.","Thanks to the map I had drawn the other day, I was able to get here without getting lost.",1
ボブはずいぶんと変わっていたので、このまえのクラスで会った時に彼だと分からなかった。,I can't recognize Bob because of the change when I met him in the class.,"Bob had changed a lot, so when I saw him at a class reunion, I dind't recognize him.",Bob had changed so much that I didn't recognize him when I met him in class the other day.,1
ボブはずいぶんと変わっていたので、このまえのクラスで会った時に彼だと分からなかった。,"When I met Bob last class reunion, he changed a lot so I didn't recognize him.","Bob had changed a lot, so when I saw him at a class reunion, I dind't recognize him.",Bob had changed so much that I didn't recognize him when I met him in class the other day.,0
ボブはずいぶんと変わっていたので、このまえのクラスで会った時に彼だと分からなかった。,"Bob was so different, I didn't realize him when I met him in the previous classroom.","Bob had changed a lot, so when I saw him at a class reunion, I dind't recognize him.",Bob had changed so much that I didn't recognize him when I met him in class the other day.,0
ボブはずいぶんと変わっていたので、このまえのクラスで会った時に彼だと分からなかった。,I do not know Bob after classroom because he is very changing.,"Bob had changed a lot, so when I saw him at a class reunion, I dind't recognize him.",Bob had changed so much that I didn't recognize him when I met him in class the other day.,0
昨日は数学の予習に追われて4時まで起きていたので、とても眠い。,"I have studied mas until 4 o`clock, I am very sleepy.","I stayed up till four last night preparing for the math lesson, so I feel very sleepy.","I was very sleepy yesterday because I was up until 4:00 am, busy with my math prep.",0
図書館から昨日借りてきた小説を読み終えたので、今はすることがない。,I have nothing now even I already read the Nobel book yesterday from the library.,"I've finished reading the novel I borrowed from the library yesterday, so now I have nothing to do.","I finished reading a novel I borrowed yesterday from the library, so now I have nothing to do.",0
図書館から昨日借りてきた小説を読み終えたので、今はすることがない。,"I finished reading the novel when I rent yesterday, I have nothing to do now.","I've finished reading the novel I borrowed from the library yesterday, so now I have nothing to do.","I finished reading a novel I borrowed yesterday from the library, so now I have nothing to do.",0
図書館に来る学生の中には、まるで喫茶店にいるかのように振る舞う者がいる。,"There is a student who comes to the library, behaves in the coffee shop.",Some students coming to the library act as if they are in a coffee shop.,Some students who come to the library act as if they are in a coffee shop.,1
子供の頃、もう少し家が広ければと思ったものでした。,"When I was a child, I would have wished that my house was more spacious.","When I was a child, I often wished my house were a little larger.","When I was a child, I used to wish my house was a little bigger.",1
洪水や地震などの被災者を手助けするボランティアとして活動したい。,I want joying helping victims as a volunteer.,"I'd like to work as a volunteer helping victims of natural disasters, such as floods or earthquakes.",I would like to work as a volunteer to help victims of floods and earthquakes.,0
洪水や地震などの被災者を手助けするボランティアとして活動したい。,"I would like to do a volunteer for supporting people who are suffering from natural disasters, such as high tides or earthquakes.","I'd like to work as a volunteer helping victims of natural disasters, such as floods or earthquakes.",I would like to work as a volunteer to help victims of floods and earthquakes.,0
洪水や地震などの被災者を手助けするボランティアとして活動したい。,I want to act to help people and earthquakes.,"I'd like to work as a volunteer helping victims of natural disasters, such as floods or earthquakes.",I would like to work as a volunteer to help victims of floods and earthquakes.,1
洪水や地震などの被災者を手助けするボランティアとして活動したい。,I want to be volunteer helping ,"I'd like to work as a volunteer helping victims of natural disasters, such as floods or earthquakes.",I would like to work as a volunteer to help victims of floods and earthquakes.,1
トムは素晴らしいドラムを持っていますが、誰にも使わせません。,"Though Tom has good drums, he doesn't allow to use others. ","Tom has nice drums, and he never lets anyone else play them.",Tom has great drums but won't let anyone use them.,1
トムは素晴らしいドラムを持っていますが、誰にも使わせません。,"Tom has a great drum, but he doesn't want anyone to use it.","Tom has nice drums, and he never lets anyone else play them.",Tom has great drums but won't let anyone use them.,1
最初トムは冗談を言っていると思ったが、後で本気だとわかった。,"I thought Tom said joking, after that he was thlious.","At first I thought Tom was joking, but later I realized he was serious.","At first Tom thought he was joking, but later realized he was serious.",1
最初トムは冗談を言っていると思ったが、後で本気だとわかった。,"Firstly I supposed Tom said a joke, but after that, I found out he was serious.","At first I thought Tom was joking, but later I realized he was serious.","At first Tom thought he was joking, but later realized he was serious.",0
この前の日曜日、生まれて初めてイタリア料理に挑戦してみましたが、とってもおいしいものができました。,"I had to tire to make Italy first time this Sunday, I could make delicious.","Last Sunday I tried making some Italian food for the first time, and it was delicious. ","This past Sunday, I tried Italian cooking for the first time in my life and came up with something very delicious.",0
この前の日曜日、生まれて初めてイタリア料理に挑戦してみましたが、とってもおいしいものができました。,"Last Sunday, I tried to cook Italian food for the first time in my life and I succeeded. ","Last Sunday I tried making some Italian food for the first time, and it was delicious. ","This past Sunday, I tried Italian cooking for the first time in my life and came up with something very delicious.",0
この前の日曜日、生まれて初めてイタリア料理に挑戦してみましたが、とってもおいしいものができました。,"Last Sunday, I tried to cook Italian and it was the first time for me. It was very delicious.","Last Sunday I tried making some Italian food for the first time, and it was delicious. ","This past Sunday, I tried Italian cooking for the first time in my life and came up with something very delicious.",0
私はアンに遅刻したことを誤ったが、許してはくれなかった。,"I said sorry too late to An, thought She was upset.","I apologized to Ann for being late, but she didn't forgive me.","I wronged Ann for being late, but she did not forgive me.",0
私はアンに遅刻したことを誤ったが、許してはくれなかった。,Anne did not allow me even though I apologized for my delay.,"I apologized to Ann for being late, but she didn't forgive me.","I wronged Ann for being late, but she did not forgive me.",0
毎日、家事がとても忙しく、映画を観に行く暇がない。,"Every day, I have no time to go to the movies because I am so busy doing household chores. ",I'm so busy doing the housework every day that I have no time to see a movie.,"Every day, I am very busy with household chores and have no time to go to the movies.",1
毎日、家事がとても忙しく、映画を観に行く暇がない。,"As I'm tied up with house chores every day, I don't have time to go to see the movies.",I'm so busy doing the housework every day that I have no time to see a movie.,"Every day, I am very busy with household chores and have no time to go to the movies.",0
毎日、家事がとても忙しく、映画を観に行く暇がない。,There is no time to go to the theater because I'm very busy working in my home. ,I'm so busy doing the housework every day that I have no time to see a movie.,"Every day, I am very busy with household chores and have no time to go to the movies.",0
この木の机は重いので私一人では二階まで運べない。,"This wood deck is heavy, so it is hard to carry it up to the second floor by myself.",This wooden desk is too heavy for me to carry upstairs alone.,This wooden desk is too heavy for me to carry upstairs by myself.,1
この木の机は重いので私一人では二階まで運べない。,This wooden desk is so heavy that I can't bring it up to the second floor,This wooden desk is too heavy for me to carry upstairs alone.,This wooden desk is too heavy for me to carry upstairs by myself.,0
ヨーロッパ旅行中、どこの国に行っても多くの日本人旅行者に出会うのでうんざりしました。,I had sad that met many Japanese tourists during the Europe trip.,"While traveling in Europe,I was disappointed that wherever I went, there were many Japanese tourists.","During my travels in Europe, I was fed up with meeting so many Japanese travelers in every country I visited.",1
ヨーロッパ旅行中、どこの国に行っても多くの日本人旅行者に出会うのでうんざりしました。,"During my trip to Europe, I felt bored because I met Japanese wherever I went.","While traveling in Europe,I was disappointed that wherever I went, there were many Japanese tourists.","During my travels in Europe, I was fed up with meeting so many Japanese travelers in every country I visited.",1
ヨーロッパ旅行中、どこの国に行っても多くの日本人旅行者に出会うのでうんざりしました。,"During my trip to Europe, I felt bored of seeing many tourists from Japan wherever countries I visited.","While traveling in Europe,I was disappointed that wherever I went, there were many Japanese tourists.","During my travels in Europe, I was fed up with meeting so many Japanese travelers in every country I visited.",1
ヨーロッパ旅行中、どこの国に行っても多くの日本人旅行者に出会うのでうんざりしました。,"During my trip to Europe, I was bored because I met many Japanese tourists whenever I go.","While traveling in Europe,I was disappointed that wherever I went, there were many Japanese tourists.","During my travels in Europe, I was fed up with meeting so many Japanese travelers in every country I visited.",1
学校は勉強だけを教えているところだと思うのは、学校の役割を理解していない証拠です。,It is not understood that schools supply for study only.,"If you expect that schools only teach academic subjects, then this proves that you don't understand what schools are for.",To think that school is a place where only studies are taught is a sign that you do not understand the role of school.,1
学校は勉強だけを教えているところだと思うのは、学校の役割を理解していない証拠です。,It is proof of misunderstanding the role of the school to think only teaching the study in school.,"If you expect that schools only teach academic subjects, then this proves that you don't understand what schools are for.",To think that school is a place where only studies are taught is a sign that you do not understand the role of school.,1
学校は勉強だけを教えているところだと思うのは、学校の役割を理解していない証拠です。,It is not proof that schools teach only studying ,"If you expect that schools only teach academic subjects, then this proves that you don't understand what schools are for.",To think that school is a place where only studies are taught is a sign that you do not understand the role of school.,1
大気中のCO2の増加は、地球温暖化と密接な関連がある。,closely related to global warming ,The increase in the amout of CO2 in the atomosphere is closely connected with global warming.,The increase in atmospheric CO2 is closely related to global warming.,1
プロ野球はテレビで見るより球場で見た方が100倍面白い。,It is very interesting 100 times to watch a baseball stadium than TV.,Professional baseball is far more exciting at a stadium than in TV.,Professional baseball is 100 times more interesting to watch at the stadium than on TV.,1
プロ野球はテレビで見るより球場で見た方が100倍面白い。,Watching baseball games excite you 100 times more than doing it on TV.,Professional baseball is far more exciting at a stadium than in TV.,Professional baseball is 100 times more interesting to watch at the stadium than on TV.,1
このバイクは、イギリスでは日本のおよそ二倍の値段です。,The price of this motorcycle is twice as much as it is in Japan.,This motorbike is about twice as expensive in the U.K as in Japan.,These bikes cost about twice as much in the UK as they do in Japan.,1
本を読む量が減ったからといって、今の若者の知的欲求が少なくなったということにはならない。,"It is getting worse reading books, but it is not curious for young people.","Just because young people today read less than they used to, it doesn't always follow that they are less eager to learn.",The fact that fewer books are being read does not mean that today's young people have less intellectual appetite.,0
本を読む量が減ったからといって、今の若者の知的欲求が少なくなったということにはならない。,The less reading books young people doesn't mean they don't have less intellectual interests.,"Just because young people today read less than they used to, it doesn't always follow that they are less eager to learn.",The fact that fewer books are being read does not mean that today's young people have less intellectual appetite.,1
本を読む量が減ったからといって、今の若者の知的欲求が少なくなったということにはならない。,The decreased volume of reading the book is not linked to the decreased intelligent intent of current young people.,"Just because young people today read less than they used to, it doesn't always follow that they are less eager to learn.",The fact that fewer books are being read does not mean that today's young people have less intellectual appetite.,1
本を読む量が減ったからといって、今の若者の知的欲求が少なくなったということにはならない。,Latest younger people is not a little wanting of intelligent because they read a few books,"Just because young people today read less than they used to, it doesn't always follow that they are less eager to learn.",The fact that fewer books are being read does not mean that today's young people have less intellectual appetite.,1
率直に言って、私が昨日受けた入学試験は思ってたよりもはるかに難しい。,The entrance examination I tried yesterday is more difficult than I thought.,"Frankly speaking, the entrance exams I took yesterday were far more difficult than I had expected.","Frankly, the admissions test I took yesterday was much harder than I thought it would be.",0
世界には食料が有り余っている国もあれば、何万人もの子供が餓死している国もある。,"There is a country which has a lot of foods in the world. On the other hand, there is a country ten thousands of children die without any food. ","In some countries people have too much food, while in others tens of thousands of children are starving.","In some countries in the world there is a surplus of food, while in others tens of thousands of children are starving to death.",1
世界には食料が有り余っている国もあれば、何万人もの子供が餓死している国もある。,"All over the world, a lot of food is existing countries but millions of children are dying countries.","In some countries people have too much food, while in others tens of thousands of children are starving.","In some countries in the world there is a surplus of food, while in others tens of thousands of children are starving to death.",1
いくら運動しても、カロリーを計算していないと減量は無理だよ。,You can`t be dieted if you count color.,"However much exercise you get, you won't lose weight unless you count your calories.","No matter how much you exercise, you can't lose weight if you're not counting calories.",1
いくら運動しても、カロリーを計算していないと減量は無理だよ。,"As long as you don't calculate the calories of what you eat, a workout doesn't work out for your diet.","However much exercise you get, you won't lose weight unless you count your calories.","No matter how much you exercise, you can't lose weight if you're not counting calories.",1
いくら運動しても、カロリーを計算していないと減量は無理だよ。,"How much you exercise, doesn't work unless you calculate the calories you take. ","However much exercise you get, you won't lose weight unless you count your calories.","No matter how much you exercise, you can't lose weight if you're not counting calories.",0
いくら運動しても、カロリーを計算していないと減量は無理だよ。,"to exercise, you cannot decline weight, so you calculate calmly.","However much exercise you get, you won't lose weight unless you count your calories.","No matter how much you exercise, you can't lose weight if you're not counting calories.",1
日本人の観光客の中には、非常識にも多額の現金をズボンの後ろのポケットに入れて持ち歩く者がいる。,Some people in Japanese tourists go out with a lot of money in their pockets of pants. ,Some Japanese tourists lack common sense and carry a lot of cash in their backpockets.,Some Japanese tourists insanely carry large amounts of cash in the back pockets of their pants.,1
日本人の観光客の中には、非常識にも多額の現金をズボンの後ろのポケットに入れて持ち歩く者がいる。,Some Japanese tourists have much cash in the back pockets of their trousers carelessly.,Some Japanese tourists lack common sense and carry a lot of cash in their backpockets.,Some Japanese tourists insanely carry large amounts of cash in the back pockets of their pants.,1
日本人の観光客の中には、非常識にも多額の現金をズボンの後ろのポケットに入れて持ち歩く者がいる。,It is out of common sense that someone in Japanese visitors brings much money in the behind pocket of their slacks.,Some Japanese tourists lack common sense and carry a lot of cash in their backpockets.,Some Japanese tourists insanely carry large amounts of cash in the back pockets of their pants.,1
日本人の観光客の中には、非常識にも多額の現金をズボンの後ろのポケットに入れて持ち歩く者がいる。,Japanese tourists walk to having a lot of money in their pocket.,Some Japanese tourists lack common sense and carry a lot of cash in their backpockets.,Some Japanese tourists insanely carry large amounts of cash in the back pockets of their pants.,1
健康を維持する秘訣は、バランスのとれた食事をし定期的に運動することです。,It is keeping healthy that having good meals and taking exercise usually.,"In order to stay healthy, you should have a balanced diet and get regular exercise.",The secret to maintaining good health is to eat a balanced diet and exercise regularly.,1
外国に行って初めて、日本の大都市のネオンの多さに気づく。,I was surprised that japan`s city has much neon even gone abroad.,It is not until you go abroad that you realize how many neon lighs there are in big Japanese cities.,It is only when you go abroad that you realize how many neon lights there are in Japan's big cities.,1
外国に行って初めて、日本の大都市のネオンの多さに気づく。,It's only when you go abroad that you realize the big cities of Japan have many illuminations.,It is not until you go abroad that you realize how many neon lighs there are in big Japanese cities.,It is only when you go abroad that you realize how many neon lights there are in Japan's big cities.,1
英語を話せさえすれば国際人になれると勘違いしている日本人が多いのは残念だ。,I am worried that could be especially even Japanese people could speak English.,It is a pity that many Japanese people mistakenly believe that they have only to speak English to be internationally-minded.,"It is unfortunate that many Japanese mistakenly believe that as long as they can speak English, they can become cosmopolitans.",0
日本の若者の10人のうち7人は、まったく無宗教だと言われる。,It says that no religion for seven of ten young people.,It is said that seven out of ten young Japanse people don't believe in religion.,Seven out of ten young Japanese are said to have no religion at all.,0
日本の若者の10人のうち7人は、まったく無宗教だと言われる。,it is said that 70 percent of younger Japanese are no ,It is said that seven out of ten young Japanse people don't believe in religion.,Seven out of ten young Japanese are said to have no religion at all.,1
彼女は地元で最も名声のある大学の一つに入学しました。,She entered the famous university in her town.,She enrolled in one of the most prestigious colleges in her town.,She was admitted to one of the most prestigious universities in the area.,1
彼女は地元で最も名声のある大学の一つに入学しました。,She entered the famous university in her town.,She enrolled in one of the most prestigious colleges in her town.,She was admitted to one of the most prestigious universities in the area.,1
私はそのクラブに所属しています。,She belonged to the club.,I belong to the club.,I belong to that club.,0
その国は経済の低迷で苦しむでしょう。,The country will have trouble with dwilling economy.,The country will suffer from an economic downturn.,That country will suffer from a sluggish economy.,0
その国は経済の低迷で苦しむでしょう。,The country would suffer from economic depression.,The country will suffer from an economic downturn.,That country will suffer from a sluggish economy.,0
他人の前で話をすることは多くのスキルを必要とします。,You are to be skillful in making a speech in front of people.,Speaking in front of others requires a lot of skills.,Speaking in front of others requires many skills.,0
他人の前で話をすることは多くのスキルを必要とします。,It needs a lot of skills for speaking on many people.,Speaking in front of others requires a lot of skills.,Speaking in front of others requires many skills.,0
多くの親は、よりよい学校教育を受けるために海外に子供たちを留学させます。,Many pararents let their children go abroad for better school education.,Many parents sent their children overseas for better schooling.,Many parents send their children abroad for better schooling.,1
野菜や果物は健康によいので、人々はこれらの食べ物をもっと食べるべきです。,Everyone must eat vegetables and fruits because of health.,People should eat more fruit and vegetables because these foods are healty.,Vegetables and fruits are healthy and people should eat more of these foods.,0
都市が過密になっている理由は、給料のよい仕事がたくさんあるからです。,"There are expensive jobs, so city is too crowded.",The reason why cities are overcrowded is that there are many well-paying jobs.,The reason cities are overcrowded is because there are so many good-paying jobs available.,1
都市が過密になっている理由は、給料のよい仕事がたくさんあるからです。,Too many people live in the cities because there are lots of nice high-salary jobs.,The reason why cities are overcrowded is that there are many well-paying jobs.,The reason cities are overcrowded is because there are so many good-paying jobs available.,0
都市が過密になっている理由は、給料のよい仕事がたくさんあるからです。,Too many people come to the city because they can earn more than local city .,The reason why cities are overcrowded is that there are many well-paying jobs.,The reason cities are overcrowded is because there are so many good-paying jobs available.,0
医療の向上のおかげで、多くの国で平均寿命が高くなりました。,Medical improvement has enabled people to live longer in many countries.,"Thanks to medical advances,the average life expectancy has increased in many countries.","Thanks to improvements in medical care, life expectancy is higher in many countries.",1
医療の向上のおかげで、多くの国で平均寿命が高くなりました。,"Thanks to the quality of medication is raised, the life expectancy  is increasing in many countries.","Thanks to medical advances,the average life expectancy has increased in many countries.","Thanks to improvements in medical care, life expectancy is higher in many countries.",1
医療の向上のおかげで、多くの国で平均寿命が高くなりました。,"Thanks to the medical improvement, people live longer in many countries.","Thanks to medical advances,the average life expectancy has increased in many countries.","Thanks to improvements in medical care, life expectancy is higher in many countries.",1
独創性はビジネスの成功にとって決定的な要素です。,You must be creative to succeed in business.,Creativity is a crucial factor for business success.,Originality is a decisive factor for business success.,1
独創性はビジネスの成功にとって決定的な要素です。,Originarity is a important factor for buisiness sucusess.,Creativity is a crucial factor for business success.,Originality is a decisive factor for business success.,1
独創性はビジネスの成功にとって決定的な要素です。,The Uniquness is need to succeed for business.,Creativity is a crucial factor for business success.,Originality is a decisive factor for business success.,1
独創性はビジネスの成功にとって決定的な要素です。,Creativity is the definate talent for business success.,Creativity is a crucial factor for business success.,Originality is a decisive factor for business success.,1
独創性はビジネスの成功にとって決定的な要素です。,Originality is a neccesary element for succeding in businesses.,Creativity is a crucial factor for business success.,Originality is a decisive factor for business success.,1
娯楽目的の大麻を合法化する国が増えてきました。,Leisurely use of cannabis has been admitted in many countries recently.,An increasing number of countries have legalized marijuna for recreational use.,More and more countries are legalizing marijuana for recreational purposes.,0
娯楽目的の大麻を合法化する国が増えてきました。,More coutries are allowed drugs for entertainment.,An increasing number of countries have legalized marijuna for recreational use.,More and more countries are legalizing marijuana for recreational purposes.,1
娯楽目的の大麻を合法化する国が増えてきました。,The number of countries legalizing majuriana just for recreational purposes has been increaseing.,An increasing number of countries have legalized marijuna for recreational use.,More and more countries are legalizing marijuana for recreational purposes.,0
お客様が安心できるように、多くのレストランが衛生対策を導入してきました。,A lot of restaurant makes a rules for cleaning for customers.,Many restaurants have introduced hygiene measures in order to customers to feel safe.,Many restaurants have introduced sanitation measures to ensure the safety of their customers.,0
お客様が安心できるように、多くのレストランが衛生対策を導入してきました。,Many restaurants have been careful of cleaning for customor safe.,Many restaurants have introduced hygiene measures in order to customers to feel safe.,Many restaurants have introduced sanitation measures to ensure the safety of their customers.,0
お客様が安心できるように、多くのレストランが衛生対策を導入してきました。,Many restaurants have introduced sanitary means for sustomers relief.,Many restaurants have introduced hygiene measures in order to customers to feel safe.,Many restaurants have introduced sanitation measures to ensure the safety of their customers.,1
お客様が安心できるように、多くのレストランが衛生対策を導入してきました。,Many restaurants have introduced sanitary means so sustomers will be relieved.,Many restaurants have introduced hygiene measures in order to customers to feel safe.,Many restaurants have introduced sanitation measures to ensure the safety of their customers.,0
将来の就職の選択肢が増えるように、学生はさまざまな分野に興味を持っておくべきです。,"Students should be interested in many different things. So, they can choose from any jobs in the future.",Students should take an interest in various fields so that they can have more career options in the feature.,Students should be interested in a variety of fields so that they have more options for future employment.,1
将来の就職の選択肢が増えるように、学生はさまざまな分野に興味を持っておくべきです。,Students should have interestings for many fields to increase future options.,Students should take an interest in various fields so that they can have more career options in the feature.,Students should be interested in a variety of fields so that they have more options for future employment.,0
不健康な食事と運動不足のために、肥満の人が増えてきています。,There are too fat people because of healtyless meals and not exercise.,An increasing number of people are becoming overweught because eat unhealty foods and spend to little time on exercise.,"Due to unhealthy diets and lack of exercise, more and more people are becoming obese.",1
最近の子供はたちは、栄養の偏りがひどいです。,Children these days are not healthy.,Children these days have a nutritionally unbalanced diet.,Children these days are severely malnourished.,1
最近の子供はたちは、栄養の偏りがひどいです。,Recent children are not enough ballanced meals.,Children these days have a nutritionally unbalanced diet.,Children these days are severely malnourished.,0
最近の子供はたちは、栄養の偏りがひどいです。,Children's nutrition intake is terrible these days.,Children these days have a nutritionally unbalanced diet.,Children these days are severely malnourished.,0
最近の子供はたちは、栄養の偏りがひどいです。,Children have taken nourishment poorly these days.,Children these days have a nutritionally unbalanced diet.,Children these days are severely malnourished.,1
最近の若者の犯罪の増加の傾向は、社会にとっての重大な関心事です。,The increase of recent juvenile deliquency is a promary concern in this society.,The recent increase in the number of crimes commited by young adults is a serious concern for society.,The recent trend of increasing crime among young people is of grave concern to society.,0
最近の若者の犯罪の増加の傾向は、社会にとっての重大な関心事です。,"The crime rate of young people is increasing, and it is the most interesting thing in society.",The recent increase in the number of crimes commited by young adults is a serious concern for society.,The recent trend of increasing crime among young people is of grave concern to society.,0
最近の若者の犯罪の増加の傾向は、社会にとっての重大な関心事です。,Increasing crimes for recent young people is a important trend for social.,The recent increase in the number of crimes commited by young adults is a serious concern for society.,The recent trend of increasing crime among young people is of grave concern to society.,1
学校の校則の厳格化に対する不満の高まりは、多数の学生の非行の原因となりました。,Making school rules strict caused many students to be upset and behave improperly.,"As the school regulations became stricter,many students felt frustrated and started to misbenhave.",Growing dissatisfaction with stricter school rules has contributed to the delinquency of a large number of students.,0
学校の校則の厳格化に対する不満の高まりは、多数の学生の非行の原因となりました。,The strict rules of the school cause many students got violent.,"As the school regulations became stricter,many students felt frustrated and started to misbenhave.",Growing dissatisfaction with stricter school rules has contributed to the delinquency of a large number of students.,1
学校の校則の厳格化に対する不満の高まりは、多数の学生の非行の原因となりました。,Many students broke school rules because of having complains for getting tough of it.,"As the school regulations became stricter,many students felt frustrated and started to misbenhave.",Growing dissatisfaction with stricter school rules has contributed to the delinquency of a large number of students.,1
学校の校則の厳格化に対する不満の高まりは、多数の学生の非行の原因となりました。,Schools made their rules strict and it caused many students to be furious and misconduct.,"As the school regulations became stricter,many students felt frustrated and started to misbenhave.",Growing dissatisfaction with stricter school rules has contributed to the delinquency of a large number of students.,1
学校の校則の厳格化に対する不満の高まりは、多数の学生の非行の原因となりました。,A lot of students have caused deliquencies because of the increase of their compleints about strict school rules.,"As the school regulations became stricter,many students felt frustrated and started to misbenhave.",Growing dissatisfaction with stricter school rules has contributed to the delinquency of a large number of students.,1
学生は、しばしば自分の国の古い神話を学びます。,Students often study about the myth of their country.,Students often study ancient myths from their own culuture.,Students often learn old myths about their country.,1
学生は、しばしば自分の国の古い神話を学びます。,"Sometimes, students learn the story of god in their country.",Students often study ancient myths from their own culuture.,Students often learn old myths about their country.,1
学生は、しばしば自分の国の古い神話を学びます。,Students often study their own countries' history.,Students often study ancient myths from their own culuture.,Students often learn old myths about their country.,0
政府は、その道路の制限速度を低くするべきです。,The government should take a rule to low the speed limit at that road.,The government should make the speed limit on the road lower.,The government should lower the speed limit on those roads.,0
政府は、その道路の制限速度を低くするべきです。,Government should not tight speed of the road.,The government should make the speed limit on the road lower.,The government should lower the speed limit on those roads.,1
政府は、その道路の制限速度を低くするべきです。,The government should make a rule that makes strict speed of the road low.,The government should make the speed limit on the road lower.,The government should lower the speed limit on those roads.,0
インフルエンザの季節には人込みに行くべきではありません。,We should not go to crowds in the season of infullenza.,people should not go into crowded places during the flu season.,You should not go to crowded places during flu season.,0
インフルエンザの季節には人込みに行くべきではありません。,You should not go into the crowd when the flu is in the air.,people should not go into crowded places during the flu season.,You should not go to crowded places during flu season.,0
インフルエンザの季節には人込みに行くべきではありません。,We are not supposed to go into the crowd while the flu is spreading.,people should not go into crowded places during the flu season.,You should not go to crowded places during flu season.,0
卒業後に一度故郷を離れると、故郷に戻る可能性は低いものです。,"If you leave your hometown, you won't comeback your hometown.","Once people have their hometown after finishing scool,they are unlikey to return.","Once you leave your hometown after graduation, it is unlikely that you will return to it.",1
卒業後に一度故郷を離れると、故郷に戻る可能性は低いものです。,"Once you part from your hometown, you will unlikely go back to your hometown.","Once people have their hometown after finishing scool,they are unlikey to return.","Once you leave your hometown after graduation, it is unlikely that you will return to it.",1
プラスチックの使用は私たちの生活を便利にしましたが、それと同時に環境に大きな影響を与えました。,"Using plastics made our life easier,but it influense for envirment at the same time.","Although the use of plastics has made our lives convenient, it has also caused significant environmental damage.","The use of plastics has made our lives more convenient, but it has also had a significant impact on the environment.",1
プラスチックの使用は私たちの生活を便利にしましたが、それと同時に環境に大きな影響を与えました。,"You can live comfortably because of he use of prastic, but it also has a big influence on the environment.","Although the use of plastics has made our lives convenient, it has also caused significant environmental damage.","The use of plastics has made our lives more convenient, but it has also had a significant impact on the environment.",1
プラスチックの使用は私たちの生活を便利にしましたが、それと同時に環境に大きな影響を与えました。,"Using plastics makes our life useful, but it also had a bad influence on environment.","Although the use of plastics has made our lives convenient, it has also caused significant environmental damage.","The use of plastics has made our lives more convenient, but it has also had a significant impact on the environment.",0
科学者たちが絶え間なく努力しているにもかかわらず、毎年、何千もの種が絶滅しています。,"In spite of scientists' constant effort, thousands of species have disappeard every year.","Even though scientists are making continuous efforts to prevent it, thousands of species are dying out every yaer.","Despite the constant efforts of scientists, thousands of species become extinct each year.",1
科学者たちが絶え間なく努力しているにもかかわらず、毎年、何千もの種が絶滅しています。,"Every year, thousands of spieces have died even so scientists constantly make a good effort.","Even though scientists are making continuous efforts to prevent it, thousands of species are dying out every yaer.","Despite the constant efforts of scientists, thousands of species become extinct each year.",0
科学者たちが絶え間なく努力しているにもかかわらず、毎年、何千もの種が絶滅しています。,"Sientists are making efforts always, but every year many thousant of spiecies get lost.","Even though scientists are making continuous efforts to prevent it, thousands of species are dying out every yaer.","Despite the constant efforts of scientists, thousands of species become extinct each year.",0
科学者たちが絶え間なく努力しているにもかかわらず、毎年、何千もの種が絶滅しています。,"Even if scientists makes an effort to protect animals, but thousands of them died every year.","Even though scientists are making continuous efforts to prevent it, thousands of species are dying out every yaer.","Despite the constant efforts of scientists, thousands of species become extinct each year.",0
ぜいたく品に対する税金は増やされるべきである一方、生活必需品に対する税金は減らされるべきです。,"While tax of luxurery goods should　increase, tax of nesesarry goods should decrease.","While taxes on luxury items should be raised,those on daily necessities should be reduced.",Taxes on luxuries should be increased while taxes on necessities should be decreased.,0
そのスーパーで買ったりんごは値段が高かったです。,Apples I bought in that supermaket were expensive.,The apples sold at the supermarket were expensive.,The apples I bought at that supermarket were overpriced.,0
昨日、昔私が働いていたレストランで食事をしました。,I went to the restaurant I used to work yesterday.,"Yesterday, I dined at the restaurant where I used to work.",Yesterday I had dinner at a restaurant where I used to work.,0
この日が私がたばこをやめた日です。,It is the day when I quited smoking.,This was the day when I quit smoking.,This is the day I quit smoking cigarettes.,0
この日が私がたばこをやめた日です。,This day is a day of stopping smoking.,This was the day when I quit smoking.,This is the day I quit smoking cigarettes.,0
もし宝くじにあたったら、彼らは一生懸命働かなくなるでしょう。,"If they get big amount of money,they won't work forever.","If people won the lottery, they would stop working hard.",If they win the lottery they will stop working so hard.,0
報酬体系が改善したので、彼らはより一生懸命働く気持ちになりました。,"Payng system was improved, so they work hard now.","Because the pay system improved, they were willing to work harder.",They were willing to work harder because of the improved compensation structure.,0
報酬体系が改善したので、彼らはより一生懸命働く気持ちになりました。,"The salary role improved, they think they work more hard.","Because the pay system improved, they were willing to work harder.",They were willing to work harder because of the improved compensation structure.,0
やる気さえあれば何事においても成功できる、ということを心に留めておきなさい。,Keep your mind that you can succed in everything if you are motivated.,"Bear in mind that if you have enthusiasm, you can succeed in anything.",Keep in mind that you can succeed in anything as long as you are motivated.,1
やる気さえあれば何事においても成功できる、ということを心に留めておきなさい。,"Please keep your mind that if you work hard, you can succeed in any way.","Bear in mind that if you have enthusiasm, you can succeed in anything.",Keep in mind that you can succeed in anything as long as you are motivated.,1
やる気さえあれば何事においても成功できる、ということを心に留めておきなさい。,"Remember that if you have motivation, you will be able to succeed in everything.","Bear in mind that if you have enthusiasm, you can succeed in anything.",Keep in mind that you can succeed in anything as long as you are motivated.,1
やる気さえあれば何事においても成功できる、ということを心に留めておきなさい。,You should remenber that you will succseed you only have a motivation.,"Bear in mind that if you have enthusiasm, you can succeed in anything.",Keep in mind that you can succeed in anything as long as you are motivated.,1
健康でいたければ、毎食後の歯磨きを励行しなければなりません。,"You have to brush you teeth evry after your meal, if you want to be in good health.","If you want to stay healthy, you should brush your teeth after every meal.","If you want to stay healthy, you must brush your teeth after every meal.",0
健康でいたければ、毎食後の歯磨きを励行しなければなりません。,Brush your teeth after every meal if you want to be healthy.,"If you want to stay healthy, you should brush your teeth after every meal.","If you want to stay healthy, you must brush your teeth after every meal.",1
昼ごはんを食べに会社を出たら、高校時代の友達にばったり出会った。,I ran into a friend of mine when i leave the office to eat out.,"When I left the office for lunch,I ran into an old friend from high school.","When I left the office for lunch, I bumped into a friend from high school.",1
昼ごはんを食べに会社を出たら、高校時代の友達にばったり出会った。,I saw luckly my friend of my highschool when I leave my office to have lunch.,"When I left the office for lunch,I ran into an old friend from high school.","When I left the office for lunch, I bumped into a friend from high school.",1
人は誰でも生まれながらにして何らかの才能を持っているが、問題はそれを見つけられるかどうかだ。,"Everyone have some talent in a child, but many people don't notice it.",Everyone is born with a talent. The question is whether they can find it or not.,"We are all born with some talent, but the question is whether we can find it.",0
人は誰でも生まれながらにして何らかの才能を持っているが、問題はそれを見つけられるかどうかだ。,"Every person has a certain talent, but the problem is whether he can recognize it.",Everyone is born with a talent. The question is whether they can find it or not.,"We are all born with some talent, but the question is whether we can find it.",1
人は誰でも生まれながらにして何らかの才能を持っているが、問題はそれを見つけられるかどうかだ。,"People have their own skills by nature,it is a problems to find the skills.",Everyone is born with a talent. The question is whether they can find it or not.,"We are all born with some talent, but the question is whether we can find it.",1
混雑した電車で二人分の席を占領して平気な顔をしている人を見ると本当に腹が立つ。,I get strong angry when I find the person who use seats for two in crowded train.,People who don't feel guilty about occupying two seats on a crowded train really make me angry.,It really pisses me off when I see people occupying seats for two people on crowded trains and looking unconcerned.,1
混雑した電車で二人分の席を占領して平気な顔をしている人を見ると本当に腹が立つ。,I'm really angry for a parson sitting using two seats.,People who don't feel guilty about occupying two seats on a crowded train really make me angry.,It really pisses me off when I see people occupying seats for two people on crowded trains and looking unconcerned.,0
混雑した電車で二人分の席を占領して平気な顔をしている人を見ると本当に腹が立つ。,I’m so angry to see people who sit down the seat of two in the crowded train.,People who don't feel guilty about occupying two seats on a crowded train really make me angry.,It really pisses me off when I see people occupying seats for two people on crowded trains and looking unconcerned.,0
どこか魅力的なところがあるよね。,"I don’t know what it is like, but you are charming.",There is something about her that attracts me.,"There's something fascinating about it, isn't there?",0
どこか魅力的なところがあるよね。,"Somehow, you are charming.",There is something about her that attracts me.,"There's something fascinating about it, isn't there?",0
アメリカでは、自分で運転できる年齢に達するまで、子供はどこに行くにも親に車で送ってもらう。,"In America, parents give a ride thier childreen until they can drive by themselves.","In the U.S., parents drive their children everywhere until they are old enough to get a driver's license.","In the United States, children are driven everywhere by their parents until they are old enough to drive themselves.",0
アメリカでは、自分で運転できる年齢に達するまで、子供はどこに行くにも親に車で送ってもらう。,"In America, children are given a drive by their parents wherever they go until they can drive by themselves.","In the U.S., parents drive their children everywhere until they are old enough to get a driver's license.","In the United States, children are driven everywhere by their parents until they are old enough to drive themselves.",0
アメリカでは、自分で運転できる年齢に達するまで、子供はどこに行くにも親に車で送ってもらう。,"In America, children have their parents drive them wherever they go until they are old enough to drive themselves.","In the U.S., parents drive their children everywhere until they are old enough to get a driver's license.","In the United States, children are driven everywhere by their parents until they are old enough to drive themselves.",1
日本では、女性の出産・育児の後は復職や昇進において不利になる。,"In Japan, regetting jobs and ascending are disadvantages for women who childbirth and childcare.","In Japan,women have difficulty getting promoted or returning to their jobs after giving birth and raising their children.","In Japan, women are at a disadvantage in returning to work or being promoted after childbirth or childcare.",1
日本では、女性の出産・育児の後は復職や昇進において不利になる。,It is difficult for women to return to their job or to be promoted after they give birth and raise their children.,"In Japan,women have difficulty getting promoted or returning to their jobs after giving birth and raising their children.","In Japan, women are at a disadvantage in returning to work or being promoted after childbirth or childcare.",0
日本では、女性の出産・育児の後は復職や昇進において不利になる。,"In Japan, having childlen and raising them is disadvantage for women to step up their career.","In Japan,women have difficulty getting promoted or returning to their jobs after giving birth and raising their children.","In Japan, women are at a disadvantage in returning to work or being promoted after childbirth or childcare.",1
日本では、女性の出産・育児の後は復職や昇進において不利になる。,"In Japan, it is not advantage for women to have a child.","In Japan,women have difficulty getting promoted or returning to their jobs after giving birth and raising their children.","In Japan, women are at a disadvantage in returning to work or being promoted after childbirth or childcare.",1
都会の生活でたまったストレスや疲れをとるには、自然でのんびりするのが一番です。,It’s the best way to take a rest in the nature to relieve our stress of the city life.,"If city life gives you stress and fatigue, it is best to relax in the mountains or on beaches in order to relive them.",The best way to relieve the stress and fatigue of city life is to relax in nature.,1
都会の生活でたまったストレスや疲れをとるには、自然でのんびりするのが一番です。,It is the best way to stay in nature in order to releve stress and fatigue in living of city.,"If city life gives you stress and fatigue, it is best to relax in the mountains or on beaches in order to relive them.",The best way to relieve the stress and fatigue of city life is to relax in nature.,0
都会の生活でたまったストレスや疲れをとるには、自然でのんびりするのが一番です。,Relxing among nature is the best way for stress and tired in urban life.,"If city life gives you stress and fatigue, it is best to relax in the mountains or on beaches in order to relive them.",The best way to relieve the stress and fatigue of city life is to relax in nature.,0
多くのものを犠牲にして、トムはついに宇宙飛行士になるという夢を実現した。,"Tom surcrifies many things, he became an astronomy that he dreamed of.","Tom finally realized his dream of becoming an astronaut, but at the expense of many other things.","Sacrificing many things, Tom finally realized his dream of becoming an astronaut.",0
多くのものを犠牲にして、トムはついに宇宙飛行士になるという夢を実現した。,"Tom realized his dream being,  but he lost many things.","Tom finally realized his dream of becoming an astronaut, but at the expense of many other things.","Sacrificing many things, Tom finally realized his dream of becoming an astronaut.",0
パリに留学していた頃、ある有名な画家に高級レストランでごちそうしてもらった経験がある。,I was treated to a luxury restaurant by famous painter when I studied abroad.,"When I was studying in Paris, a famous painter boutht me a meal at a first-class restaurant.","When I was studying in Paris, I had the experience of being treated by a famous painter at a fine restaurant.",0
パリに留学していた頃、ある有名な画家に高級レストランでごちそうしてもらった経験がある。,"When I was in Paris for study, a famous airtist gave me meals in expensive restaurant.","When I was studying in Paris, a famous painter boutht me a meal at a first-class restaurant.","When I was studying in Paris, I had the experience of being treated by a famous painter at a fine restaurant.",0
パリに留学していた頃、ある有名な画家に高級レストランでごちそうしてもらった経験がある。,"While I was studying in Paris, I was treated a meal at a high-class restaurant by a famous painter.","When I was studying in Paris, a famous painter boutht me a meal at a first-class restaurant.","When I was studying in Paris, I had the experience of being treated by a famous painter at a fine restaurant.",0
パリに留学していた頃、ある有名な画家に高級レストランでごちそうしてもらった経験がある。,"When I lived in Paris to study, a famous artist paid the meal for me at the restaurant.","When I was studying in Paris, a famous painter boutht me a meal at a first-class restaurant.","When I was studying in Paris, I had the experience of being treated by a famous painter at a fine restaurant.",0
若者が活字なら何でも鵜呑みにしてしまうという傾向は、今に始まったことではない。,Young peaple tend to believe letter from long time ago. ,The tendency for young people to believe everything that is printed is nothing new.,The tendency of young people to believe anything in print is not new.,0
若者が活字なら何でも鵜呑みにしてしまうという傾向は、今に始まったことではない。,It’s always saying that young people tend to trust in any words  or reads.,The tendency for young people to believe everything that is printed is nothing new.,The tendency of young people to believe anything in print is not new.,0
若者が活字なら何でも鵜呑みにしてしまうという傾向は、今に始まったことではない。,Many young people have believed what is printed for a long time.,The tendency for young people to believe everything that is printed is nothing new.,The tendency of young people to believe anything in print is not new.,0
若者が活字なら何でも鵜呑みにしてしまうという傾向は、今に始まったことではない。,Many young people have always believed what is printed.,The tendency for young people to believe everything that is printed is nothing new.,The tendency of young people to believe anything in print is not new.,0
うちは四人家族で、家はこのマンションの五階にあります。,"There are 4people in my family, and we live in the 5th floor in this mansion.",There are four people in may family. Our apartment is on the fifth floor of this building.,We are a family of four and our house is on the fifth floor of this apartment building.,0
この自転車を修理してもらうのに一万円かかりました。,I payed 10000yen to repair my bicycle.,It cost ten thousand yen to have this bike required.,"It cost me 10,000 yen to have this bicycle repaired.",1
その映画館まで徒歩でおよそ20分ですが、地下鉄なら5分で行くことができます。,"It takes 20 minutes by foot to the movie theater, it takes 5 minutes by subway.","This movie theater is about twenty minutes' walk from here, but it takes only five minutes to get there by subway.","It takes about 20 minutes to walk to the cinema, but you can get there in 5 minutes by subway.",0
その映画館まで徒歩でおよそ20分ですが、地下鉄なら5分で行くことができます。,"It takes about twenty minutes to the theater, but I can get there in five munites by subway.","This movie theater is about twenty minutes' walk from here, but it takes only five minutes to get there by subway.","It takes about 20 minutes to walk to the cinema, but you can get there in 5 minutes by subway.",0
その映画館まで徒歩でおよそ20分ですが、地下鉄なら5分で行くことができます。,"You can get to the theater in about 20 minutes on foot, but 5 minutes by subway.","This movie theater is about twenty minutes' walk from here, but it takes only five minutes to get there by subway.","It takes about 20 minutes to walk to the cinema, but you can get there in 5 minutes by subway.",1
その映画館まで徒歩でおよそ20分ですが、地下鉄なら5分で行くことができます。,"It will be 20min by walking, but only 5min by subway.","This movie theater is about twenty minutes' walk from here, but it takes only five minutes to get there by subway.","It takes about 20 minutes to walk to the cinema, but you can get there in 5 minutes by subway.",1
あいさつの仕方は国によりさまざまだが、日本では、握手よりお辞儀の方が普通だ。,"In Japan, ojigi is nomal than shake hands, how to greeting is various in various countries.","Ways of greeting vary from country. In Japan, bowing is more common than shakeing hands.","Greetings vary from country to country, but in Japan, bowing is more common than shaking hands.",1
